{
    "128_1": {
        "val": 0.0030048076923076925,
        "test": 0.003605769230769231
    },
    "128_2": {
        "val": 0.0,
        "test": 0.0006009615384615385
    },
    "128_4": {
        "val": 0.0,
        "test": 0.0
    },
    "128_8": {
        "val": 0.0,
        "test": 0.0
    },
    "128_16": {
        "val": 0.0,
        "test": 0.0
    },
    "128_32": {
        "val": 0.0,
        "test": 0.0005580357142857143
    },
    "128_64": {
        "val": 0.0,
        "test": 0.0
    },
    "val_mean": 0.0004,
    "val_std": 0.0011,
    "test_mean": 0.0007,
    "test_std": 0.0012
}