{
    "128_1": {
        "val": 0.005580357142857143,
        "test": 0.006696428571428571
    },
    "128_2": {
        "val": 0,
        "test": 0.0011160714285714287
    },
    "128_4": {
        "val": 0,
        "test": 0
    },
    "128_8": {
        "val": 0,
        "test": 0
    },
    "128_16": {
        "val": 0,
        "test": 0
    },
    "128_32": {
        "val": 0,
        "test": 0.0010416666666666667
    },
    "128_64": {
        "val": 0,
        "test": 0
    },
    "val_mean": 0.0008,
    "val_std": 0.002,
    "test_mean": 0.0013,
    "test_std": 0.0023
}