{
    "128_1": {
        "val": 0.12890625,
        "test": 0.1134375
    },
    "128_2": {
        "val": 0.24234375000000002,
        "test": 0.198515625
    },
    "128_4": {
        "val": 0.268125,
        "test": 0.188203125
    },
    "128_8": {
        "val": 0.268125,
        "test": 0.21656250000000002
    },
    "128_16": {
        "val": 0.281015625,
        "test": 0.226875
    },
    "128_32": {
        "val": 0.35835937500000004,
        "test": 0.27328125000000003
    },
    "128_64": {
        "val": 0.41765625,
        "test": 0.3815625
    },
    "val_mean": 0.2806,
    "val_std": 0.0842,
    "test_mean": 0.2283,
    "test_std": 0.0768
}