{
    "128_1": {
        "val": 0.01201923076923077,
        "test": 0.0078125
    },
    "128_2": {
        "val": 0.0018028846153846155,
        "test": 0.0006009615384615385
    },
    "128_4": {
        "val": 0.0006009615384615385,
        "test": 0.0
    },
    "128_8": {
        "val": 0.0006510416666666666,
        "test": 0.0
    },
    "128_16": {
        "val": 0.0,
        "test": 0.0005580357142857143
    },
    "128_32": {
        "val": 0.0011160714285714285,
        "test": 0.0
    },
    "128_64": {
        "val": 0.00390625,
        "test": 0.002790178571428571
    },
    "val_mean": 0.0029,
    "val_std": 0.0039,
    "test_mean": 0.0017,
    "test_std": 0.0027
}