{
    "128_1": {
        "val": 0.10309278350515463,
        "test": 0.08754208754208752
    },
    "128_2": {
        "val": 0.03592814371257485,
        "test": 0.014184397163120567
    },
    "128_4": {
        "val": 0.014184397163120567,
        "test": NaN
    },
    "128_8": {
        "val": 0.014285714285714285,
        "test": NaN
    },
    "128_16": {
        "val": NaN,
        "test": 0.014084507042253521
    },
    "128_32": {
        "val": 0.02564102564102564,
        "test": NaN
    },
    "128_64": {
        "val": 0.061946902654867256,
        "test": 0.0505050505050505
    },
    "val_mean": NaN,
    "val_std": NaN,
    "test_mean": NaN,
    "test_std": NaN
}