{
    "128_1": {
        "val": 0.022321428571428572,
        "test": 0.014508928571428572
    },
    "128_2": {
        "val": 0.0033482142857142855,
        "test": 0.0011160714285714287
    },
    "128_4": {
        "val": 0.0011160714285714287,
        "test": 0
    },
    "128_8": {
        "val": 0.001201923076923077,
        "test": 0
    },
    "128_16": {
        "val": 0,
        "test": 0.0010416666666666667
    },
    "128_32": {
        "val": 0.0020833333333333333,
        "test": 0
    },
    "128_64": {
        "val": 0.007291666666666667,
        "test": 0.005208333333333333
    },
    "val_mean": 0.0053,
    "val_std": 0.0073,
    "test_mean": 0.0031,
    "test_std": 0.005
}