{
    "128_1": {
        "val": 0.37125,
        "test": 0.373828125
    },
    "128_2": {
        "val": 0.27328125000000003,
        "test": 0.260390625
    },
    "128_4": {
        "val": 0.291328125,
        "test": 0.24234375
    },
    "128_8": {
        "val": 0.23203125000000002,
        "test": 0.23203125000000002
    },
    "128_16": {
        "val": 0.2475,
        "test": 0.2371875
    },
    "128_32": {
        "val": 0.34546875000000005,
        "test": 0.27070312500000004
    },
    "128_64": {
        "val": 0.3403125,
        "test": 0.373828125
    },
    "val_mean": 0.3002,
    "val_std": 0.0492,
    "test_mean": 0.2843,
    "test_std": 0.0579
}