{
    "128_1": {
        "val": 0.15625,
        "test": 0.1015625
    },
    "128_2": {
        "val": 0.0234375,
        "test": 0.0078125
    },
    "128_4": {
        "val": 0.0078125,
        "test": 0.0
    },
    "128_8": {
        "val": 0.0078125,
        "test": 0.0
    },
    "128_16": {
        "val": 0.0,
        "test": 0.0078125
    },
    "128_32": {
        "val": 0.015625,
        "test": 0.0
    },
    "128_64": {
        "val": 0.0546875,
        "test": 0.0390625
    },
    "val_mean": 0.0379,
    "val_std": 0.051,
    "test_mean": 0.0223,
    "test_std": 0.0348
}