{
    "our-own-128_1": {
        "val": 0.1328125,
        "test": 0.1328125
    },
    "our-own-128_2": {
        "val": 0.2890625,
        "test": 0.3125
    },
    "our-own-128_4": {
        "val": 0.546875,
        "test": 0.4921875
    },
    "our-own-128_8": {
        "val": 0.78125,
        "test": 0.7421875
    },
    "our-own-128_16": {
        "val": 0.8671875,
        "test": 0.84375
    },
    "our-own-128_32": {
        "val": 0.875,
        "test": 0.8359375
    },
    "our-own-128_64": {
        "val": 0.96875,
        "test": 0.953125
    },
    "val_mean": 0.6373,
    "val_std": 0.2985,
    "test_mean": 0.6161,
    "test_std": 0.2855
}