{
    "our-own-128_1": {
        "val": 0.00917376893939394,
        "test": 0.006036931818181819
    },
    "our-own-128_2": {
        "val": 0.01875,
        "test": 0.007741477272727273
    },
    "our-own-128_4": {
        "val": 0.029296875,
        "test": 0.015625
    },
    "our-own-128_8": {
        "val": 0.05859375,
        "test": 0.0390625
    },
    "our-own-128_16": {
        "val": 0.03125,
        "test": 0.037109375
    },
    "our-own-128_32": {
        "val": 0.015625,
        "test": 0.013671875
    },
    "our-own-128_64": {
        "val": 0.01171875,
        "test": 0.013671875
    },
    "val_mean": 0.0249,
    "val_std": 0.0158,
    "test_mean": 0.019,
    "test_std": 0.0125
}