{
    "our-own-128_1": {
        "val": 0.01485812883435583,
        "test": 0.010457677165354333
    },
    "our-own-128_2": {
        "val": 0.02960526315789473,
        "test": 0.012922040971168438
    },
    "our-own-128_4": {
        "val": 0.04621478873239437,
        "test": 0.025
    },
    "our-own-128_8": {
        "val": 0.09375,
        "test": 0.0625
    },
    "our-own-128_16": {
        "val": 0.05,
        "test": 0.059375
    },
    "our-own-128_32": {
        "val": 0.025,
        "test": 0.021875
    },
    "our-own-128_64": {
        "val": 0.01875,
        "test": 0.021875
    },
    "val_mean": 0.0397,
    "val_std": 0.0252,
    "test_mean": 0.0306,
    "test_std": 0.0198
}