{
    "our-own-128_1": {
        "val": 0.1959375,
        "test": 0.146953125
    },
    "our-own-128_2": {
        "val": 0.2578125,
        "test": 0.25007812500000004
    },
    "our-own-128_4": {
        "val": 0.25007812500000004,
        "test": 0.21914062500000003
    },
    "our-own-128_8": {
        "val": 0.36609375,
        "test": 0.244921875
    },
    "our-own-128_16": {
        "val": 0.40218750000000003,
        "test": 0.35320312500000006
    },
    "our-own-128_32": {
        "val": 0.281015625,
        "test": 0.296484375
    },
    "our-own-128_64": {
        "val": 0.28875,
        "test": 0.260390625
    },
    "val_mean": 0.2917,
    "val_std": 0.0654,
    "test_mean": 0.253,
    "test_std": 0.0591
}