{
    "our-own-128_1": {
        "val": 0.0390625,
        "test": 0.0390625
    },
    "our-own-128_2": {
        "val": 0.0703125,
        "test": 0.0390625
    },
    "our-own-128_4": {
        "val": 0.109375,
        "test": 0.0625
    },
    "our-own-128_8": {
        "val": 0.234375,
        "test": 0.15625
    },
    "our-own-128_16": {
        "val": 0.125,
        "test": 0.1484375
    },
    "our-own-128_32": {
        "val": 0.0625,
        "test": 0.0546875
    },
    "our-own-128_64": {
        "val": 0.046875,
        "test": 0.0546875
    },
    "val_mean": 0.0982,
    "val_std": 0.0628,
    "test_mean": 0.0792,
    "test_std": 0.047
}