{
    "128_1": {
        "val": 0.05859374999999999,
        "test": 0.09114583333333333
    },
    "128_2": {
        "val": 0.19140625,
        "test": 0.18359375
    },
    "128_4": {
        "val": 0.2708333333333333,
        "test": 0.2981770833333333
    },
    "128_8": {
        "val": 0.28125,
        "test": 0.23567708333333334
    },
    "128_16": {
        "val": 0.26171875,
        "test": 0.24869791666666669
    },
    "128_32": {
        "val": 0.24348958333333331,
        "test": 0.23567708333333334
    },
    "128_64": {
        "val": 0.23177083333333334,
        "test": 0.27994791666666663
    },
    "val_mean": 0.2199,
    "val_std": 0.0714,
    "test_mean": 0.2247,
    "test_std": 0.0641
}