{
    "128_1": {
        "val": 0.07978723404255318,
        "test": 0.12094350961538461
    },
    "128_2": {
        "val": 0.251638986013986,
        "test": 0.23742951127819548
    },
    "128_4": {
        "val": 0.3368181818181818,
        "test": 0.35205165474060823
    },
    "128_8": {
        "val": 0.36778846153846156,
        "test": 0.3024133663366336
    },
    "128_16": {
        "val": 0.3523628048780488,
        "test": 0.32307912844036696
    },
    "128_32": {
        "val": 0.3291540294627383,
        "test": 0.31538505484460694
    },
    "128_64": {
        "val": 0.3118681066176471,
        "test": 0.37722875569044007
    },
    "val_mean": 0.2899,
    "val_std": 0.0924,
    "test_mean": 0.2898,
    "test_std": 0.0799
}