{
    "128_1": {
        "val": 0.171875,
        "test": 0.25
    },
    "128_2": {
        "val": 0.375,
        "test": 0.3515625
    },
    "128_4": {
        "val": 0.46875,
        "test": 0.4375
    },
    "128_8": {
        "val": 0.53125,
        "test": 0.421875
    },
    "128_16": {
        "val": 0.5390625,
        "test": 0.46875
    },
    "128_32": {
        "val": 0.5078125,
        "test": 0.4765625
    },
    "128_64": {
        "val": 0.4765625,
        "test": 0.578125
    }
}