{
    "128_1": {
        "val": 0.10570312500000001,
        "test": 0.13664062500000002
    },
    "128_2": {
        "val": 0.342890625,
        "test": 0.24750000000000003
    },
    "128_4": {
        "val": 0.5388281250000001,
        "test": 0.46921875
    },
    "128_8": {
        "val": 0.68578125,
        "test": 0.63421875
    },
    "128_16": {
        "val": 0.639375,
        "test": 0.698671875
    },
    "128_32": {
        "val": 0.5878125000000001,
        "test": 0.61359375
    },
    "128_64": {
        "val": 0.6471093750000001,
        "test": 0.6419531250000001
    },
    "val_mean": 0.5068,
    "val_std": 0.1944,
    "test_mean": 0.4917,
    "test_std": 0.2024
}