{
    "128_1": {
        "val": 0.125,
        "test": 0.1796875
    },
    "128_2": {
        "val": 0.3671875,
        "test": 0.3359375
    },
    "128_4": {
        "val": 0.4453125,
        "test": 0.4296875
    },
    "128_8": {
        "val": 0.53125,
        "test": 0.421875
    },
    "128_16": {
        "val": 0.5390625,
        "test": 0.4609375
    },
    "128_32": {
        "val": 0.5078125,
        "test": 0.4765625
    },
    "128_64": {
        "val": 0.4765625,
        "test": 0.578125
    },
    "val_mean": 0.4275,
    "val_std": 0.135,
    "test_mean": 0.4118,
    "test_std": 0.1161
}