{
    "our-own-128_1": {
        "val": 0.002840909090909091,
        "test": 0.0014204545454545455
    },
    "our-own-128_2": {
        "val": 0.0007102272727272727,
        "test": 0.0014204545454545455
    },
    "our-own-128_4": {
        "val": 0.0,
        "test": 0.0
    },
    "our-own-128_8": {
        "val": 0.0,
        "test": 0.0
    },
    "our-own-128_16": {
        "val": 0.0,
        "test": 0.0
    },
    "our-own-128_32": {
        "val": 0.0007102272727272727,
        "test": 0.0007102272727272727
    },
    "our-own-128_64": {
        "val": 0.0,
        "test": 0.0007102272727272727
    },
    "val_mean": 0.0006,
    "val_std": 0.001,
    "test_mean": 0.0006,
    "test_std": 0.0006
}