{
    "our-own-128_1": {
        "val": 0.005208333333333334,
        "test": 0.002604166666666667
    },
    "our-own-128_2": {
        "val": 0.0013020833333333335,
        "test": 0.002604166666666667
    },
    "our-own-128_4": {
        "val": 0,
        "test": 0
    },
    "our-own-128_8": {
        "val": 0,
        "test": 0
    },
    "our-own-128_16": {
        "val": 0,
        "test": 0
    },
    "our-own-128_32": {
        "val": 0.0013020833333333335,
        "test": 0.0013020833333333335
    },
    "our-own-128_64": {
        "val": 0,
        "test": 0.0013020833333333335
    },
    "val_mean": 0.0011,
    "val_std": 0.0018,
    "test_mean": 0.0011,
    "test_std": 0.0011
}