{
    "our-own-128_1": {
        "val": 0.183046875,
        "test": 0.1753125
    },
    "our-own-128_2": {
        "val": 0.25265625,
        "test": 0.265546875
    },
    "our-own-128_4": {
        "val": 0.317109375,
        "test": 0.28359375
    },
    "our-own-128_8": {
        "val": 0.38671875000000006,
        "test": 0.3196875
    },
    "our-own-128_16": {
        "val": 0.404765625,
        "test": 0.399609375
    },
    "our-own-128_32": {
        "val": 0.40992187500000005,
        "test": 0.430546875
    },
    "our-own-128_64": {
        "val": 0.495,
        "test": 0.43312500000000004
    },
    "val_mean": 0.3499,
    "val_std": 0.0981,
    "test_mean": 0.3296,
    "test_std": 0.0894
}