{
    "our-own-128_1": {
        "val": 0.03125,
        "test": 0.015625
    },
    "our-own-128_2": {
        "val": 0.0078125,
        "test": 0.015625
    },
    "our-own-128_4": {
        "val": 0.0,
        "test": 0.0
    },
    "our-own-128_8": {
        "val": 0.0,
        "test": 0.0
    },
    "our-own-128_16": {
        "val": 0.0,
        "test": 0.0
    },
    "our-own-128_32": {
        "val": 0.0078125,
        "test": 0.0078125
    },
    "our-own-128_64": {
        "val": 0.0,
        "test": 0.0078125
    },
    "val_mean": 0.0067,
    "val_std": 0.0106,
    "test_mean": 0.0067,
    "test_std": 0.0065
}