{
    "our-own-128_1": {
        "val": 0.007352998563936064,
        "test": 0.003434065934065934
    },
    "our-own-128_2": {
        "val": 0.009529532967032966,
        "test": 0.005666208791208791
    },
    "our-own-128_4": {
        "val": 0.004464285714285714,
        "test": 0.0028331043956043955
    },
    "our-own-128_8": {
        "val": 0.002232142857142857,
        "test": 0.002232142857142857
    },
    "our-own-128_16": {
        "val": 0.007812499999999999,
        "test": 0.002232142857142857
    },
    "our-own-128_32": {
        "val": 0.0011160714285714285,
        "test": 0.0033482142857142855
    },
    "our-own-128_64": {
        "val": 0.0,
        "test": 0.0033482142857142855
    },
    "val_mean": 0.0046,
    "val_std": 0.0034,
    "test_mean": 0.0033,
    "test_std": 0.0011
}