{
    "our-own-128_1": {
        "val": 0.013157986620298599,
        "test": 0.0061881188118811875
    },
    "our-own-128_2": {
        "val": 0.016784274193548387,
        "test": 0.010110294117647058
    },
    "our-own-128_4": {
        "val": 0.0078125,
        "test": 0.005055147058823529
    },
    "our-own-128_8": {
        "val": 0.00390625,
        "test": 0.00390625
    },
    "our-own-128_16": {
        "val": 0.013671874999999998,
        "test": 0.00390625
    },
    "our-own-128_32": {
        "val": 0.001953125,
        "test": 0.005859375
    },
    "our-own-128_64": {
        "val": 0,
        "test": 0.005859375
    },
    "val_mean": 0.0082,
    "val_std": 0.006,
    "test_mean": 0.0058,
    "test_std": 0.0019
}