{
    "our-own-128_1": {
        "val": 0.22171875000000002,
        "test": 0.20625000000000002
    },
    "our-own-128_2": {
        "val": 0.28875,
        "test": 0.224296875
    },
    "our-own-128_4": {
        "val": 0.24750000000000003,
        "test": 0.213984375
    },
    "our-own-128_8": {
        "val": 0.24492187499999998,
        "test": 0.198515625
    },
    "our-own-128_16": {
        "val": 0.24234375000000002,
        "test": 0.17015625
    },
    "our-own-128_32": {
        "val": 0.2578125,
        "test": 0.185625
    },
    "our-own-128_64": {
        "val": 0.24234375,
        "test": 0.152109375
    },
    "val_mean": 0.2493,
    "val_std": 0.0189,
    "test_mean": 0.193,
    "test_std": 0.0235
}