{
    "our-own-128_1": {
        "val": 0.0625,
        "test": 0.03125
    },
    "our-own-128_2": {
        "val": 0.0703125,
        "test": 0.046875
    },
    "our-own-128_4": {
        "val": 0.03125,
        "test": 0.0234375
    },
    "our-own-128_8": {
        "val": 0.015625,
        "test": 0.015625
    },
    "our-own-128_16": {
        "val": 0.0546875,
        "test": 0.015625
    },
    "our-own-128_32": {
        "val": 0.0078125,
        "test": 0.0234375
    },
    "our-own-128_64": {
        "val": 0.0,
        "test": 0.0234375
    },
    "val_mean": 0.0346,
    "val_std": 0.026,
    "test_mean": 0.0257,
    "test_std": 0.01
}