{
    "our-own-128_1": {
        "val": 0.008877840909090908,
        "test": 0.004024621212121212
    },
    "our-own-128_2": {
        "val": 0.002840909090909091,
        "test": 0.00078125
    },
    "our-own-128_4": {
        "val": 0.0034418706293706295,
        "test": 0.0007102272727272727
    },
    "our-own-128_8": {
        "val": 0.002840909090909091,
        "test": 0.002840909090909091
    },
    "our-own-128_16": {
        "val": 0.002130681818181818,
        "test": 0.0007102272727272727
    },
    "our-own-128_32": {
        "val": 0.002130681818181818,
        "test": 0.0
    },
    "our-own-128_64": {
        "val": 0.0007102272727272727,
        "test": 0.0
    },
    "val_mean": 0.0033,
    "val_std": 0.0024,
    "test_mean": 0.0013,
    "test_std": 0.0014
}