{
    "our-own-128_1": {
        "val": 0.01632837620578778,
        "test": 0.007412790697674418
    },
    "our-own-128_2": {
        "val": 0.005208333333333334,
        "test": 0.0014204545454545455
    },
    "our-own-128_4": {
        "val": 0.006326317480719794,
        "test": 0.0013020833333333335
    },
    "our-own-128_8": {
        "val": 0.005208333333333334,
        "test": 0.005208333333333334
    },
    "our-own-128_16": {
        "val": 0.00390625,
        "test": 0.0013020833333333335
    },
    "our-own-128_32": {
        "val": 0.00390625,
        "test": 0
    },
    "our-own-128_64": {
        "val": 0.0013020833333333335,
        "test": 0
    },
    "val_mean": 0.006,
    "val_std": 0.0045,
    "test_mean": 0.0024,
    "test_std": 0.0026
}