{
    "our-own-128_1": {
        "val": 0.42281250000000004,
        "test": 0.26296875
    },
    "our-own-128_2": {
        "val": 0.27328125000000003,
        "test": 0.2784375
    },
    "our-own-128_4": {
        "val": 0.3403125,
        "test": 0.28875
    },
    "our-own-128_8": {
        "val": 0.42023437500000005,
        "test": 0.35578125000000005
    },
    "our-own-128_16": {
        "val": 0.45117187500000006,
        "test": 0.37898437500000004
    },
    "our-own-128_32": {
        "val": 0.35578125,
        "test": 0.37898437500000004
    },
    "our-own-128_64": {
        "val": 0.415078125,
        "test": 0.49500000000000005
    },
    "val_mean": 0.3827,
    "val_std": 0.0576,
    "test_mean": 0.3484,
    "test_std": 0.0748
}