{
    "our-own-128_1": {
        "val": 0.1015625,
        "test": 0.046875
    },
    "our-own-128_2": {
        "val": 0.03125,
        "test": 0.0078125
    },
    "our-own-128_4": {
        "val": 0.0390625,
        "test": 0.0078125
    },
    "our-own-128_8": {
        "val": 0.03125,
        "test": 0.03125
    },
    "our-own-128_16": {
        "val": 0.0234375,
        "test": 0.0078125
    },
    "our-own-128_32": {
        "val": 0.0234375,
        "test": 0.0
    },
    "our-own-128_64": {
        "val": 0.0078125,
        "test": 0.0
    },
    "val_mean": 0.0368,
    "val_std": 0.0279,
    "test_mean": 0.0145,
    "test_std": 0.0164
}