{
    "128_1": {
        "val": 0.0030048076923076925,
        "test": 0.003605769230769231
    },
    "128_2": {
        "val": 0.0,
        "test": 0.0019121503496503497
    },
    "128_4": {
        "val": 0.0018028846153846155,
        "test": 0.0013111888111888112
    },
    "128_8": {
        "val": 0.0,
        "test": 0.0007102272727272727
    },
    "128_16": {
        "val": 0.0006009615384615385,
        "test": 0.0013111888111888112
    },
    "128_32": {
        "val": 0.00236092032967033,
        "test": 0.0007102272727272727
    },
    "128_64": {
        "val": 0.0,
        "test": 0.0007102272727272727
    },
    "val_mean": 0.0011,
    "val_std": 0.0012,
    "test_mean": 0.0015,
    "test_std": 0.001
}