{
    "128_1": {
        "val": 1.3207180340492487e-232,
        "test": 8.698511465395024e-233
    },
    "128_2": {
        "val": 3.3893839667902126e-233,
        "test": 0.0
    },
    "128_4": {
        "val": 0.0,
        "test": 0.0
    },
    "128_8": {
        "val": 0.0,
        "test": 7.792861476908367e-234
    },
    "128_16": {
        "val": 0.0,
        "test": 0.0
    },
    "128_32": {
        "val": 0.0,
        "test": 7.232285120881671e-234
    },
    "128_64": {
        "val": 1.4590396289348257e-233,
        "test": 1.471622233693317e-233
    },
    "val_mean": 0.0,
    "val_std": 0.0,
    "test_mean": 0.0,
    "test_std": 0.0
}