{
    "128_1": {
        "val": 0.05181347150259068,
        "test": 0.05825242718446602
    },
    "128_2": {
        "val": NaN,
        "test": 0.036414080110976244
    },
    "128_4": {
        "val": 0.03592814371257485,
        "test": 0.026344676180021953
    },
    "128_8": {
        "val": NaN,
        "test": 0.014388489208633094
    },
    "128_16": {
        "val": 0.014184397163120567,
        "test": 0.026344676180021953
    },
    "128_32": {
        "val": 0.04421221864951769,
        "test": 0.014388489208633094
    },
    "128_64": {
        "val": NaN,
        "test": 0.014388489208633094
    },
    "val_mean": NaN,
    "val_std": NaN,
    "test_mean": 0.0272,
    "test_std": 0.0148
}