{
    "128_1": {
        "val": 0.005580357142857143,
        "test": 0.006696428571428571
    },
    "128_2": {
        "val": 0,
        "test": 0.0035358297413793107
    },
    "128_4": {
        "val": 0.0033482142857142855,
        "test": 0.0024193548387096775
    },
    "128_8": {
        "val": 0,
        "test": 0.0013020833333333335
    },
    "128_16": {
        "val": 0.0011160714285714287,
        "test": 0.0024193548387096775
    },
    "128_32": {
        "val": 0.004390166028097063,
        "test": 0.0013020833333333335
    },
    "128_64": {
        "val": 0,
        "test": 0.0013020833333333335
    },
    "val_mean": 0.0021,
    "val_std": 0.0022,
    "test_mean": 0.0027,
    "test_std": 0.0018
}