{
    "128_1": {
        "val": 0.203125,
        "test": 0.203125
    },
    "128_2": {
        "val": 0.375,
        "test": 0.3203125
    },
    "128_4": {
        "val": 0.375,
        "test": 0.28125
    },
    "128_8": {
        "val": 0.390625,
        "test": 0.2890625
    },
    "128_16": {
        "val": 0.3984375,
        "test": 0.3515625
    },
    "128_32": {
        "val": 0.5390625,
        "test": 0.4375
    },
    "128_64": {
        "val": 0.53125,
        "test": 0.5625
    }
}