{
    "128_1": {
        "val": 0.12890625,
        "test": 0.1134375
    },
    "128_2": {
        "val": 0.255234375,
        "test": 0.219140625
    },
    "128_4": {
        "val": 0.244921875,
        "test": 0.183046875
    },
    "128_8": {
        "val": 0.250078125,
        "test": 0.18562499999999998
    },
    "128_16": {
        "val": 0.26554687499999996,
        "test": 0.224296875
    },
    "128_32": {
        "val": 0.35578125000000005,
        "test": 0.27070312500000004
    },
    "128_64": {
        "val": 0.34546875,
        "test": 0.350625
    },
    "val_mean": 0.2637,
    "val_std": 0.0696,
    "test_mean": 0.221,
    "test_std": 0.0692
}