{
    "128_1": {
        "val": 0.0390625,
        "test": 0.046875
    },
    "128_2": {
        "val": 0.0,
        "test": 0.0234375
    },
    "128_4": {
        "val": 0.0234375,
        "test": 0.015625
    },
    "128_8": {
        "val": 0.0,
        "test": 0.0078125
    },
    "128_16": {
        "val": 0.0078125,
        "test": 0.015625
    },
    "128_32": {
        "val": 0.03125,
        "test": 0.0078125
    },
    "128_64": {
        "val": 0.0,
        "test": 0.0078125
    },
    "val_mean": 0.0145,
    "val_std": 0.0153,
    "test_mean": 0.0179,
    "test_std": 0.013
}