{
    "128_1": {
        "val": 0.1328125,
        "test": 0.125
    },
    "128_2": {
        "val": 0.296875,
        "test": 0.2734375
    },
    "128_4": {
        "val": 0.5546875,
        "test": 0.4296875
    },
    "128_8": {
        "val": 0.796875,
        "test": 0.703125
    },
    "128_16": {
        "val": 0.890625,
        "test": 0.859375
    },
    "128_32": {
        "val": 0.875,
        "test": 0.8671875
    },
    "128_64": {
        "val": 0.953125,
        "test": 0.9453125
    },
    "val_mean": 0.6429,
    "val_std": 0.2983,
    "test_mean": 0.6004,
    "test_std": 0.3
}