{"metadata": {"c": 1.8499999999999999, "t": 108, "decay": 0.05}, "data": {"subject_gap": {"value": 1.5811688311688312, "count": 28, "uncertainty": 0.7565097045178847}, "person": {"value": 1.6857142857142855, "count": 7, "uncertainty": 1.5130194090357694}, "taste": {"value": 1.33333333333335, "count": 3, "uncertainty": 2.3111753232812546}, "song": {"value": 1.33333333333335, "count": 3, "uncertainty": 2.3111753232812546}, "book": {"value": 2.0, "count": 6, "uncertainty": 1.6342477436031866}, "location": {"value": 1.5714285714285714, "count": 7, "uncertainty": 1.5130194090357694}, "interest": {"value": 1.0, "count": 3, "uncertainty": 2.3111753232812546}, "statement_novelty": {"value": 1.1666666666666667, "count": 6, "uncertainty": 1.6342477436031866}, "agent": {"value": 1.5631578947368425, "count": 19, "uncertainty": 0.9183679495608855}, "sensor": {"value": 1.0, "count": 2, "uncertainty": 2.8306001240755148}, "artifact": {"value": 1.5384615384615385, "count": 13, "uncertainty": 1.1102527129107083}, "dish": {"value": 1.6666666666666667, "count": 3, "uncertainty": 2.3111753232812546}, "touch": {"value": 1.0, "count": 2, "uncertainty": 2.8306001240755148}, "institution": {"value": 1.6666666666666667, "count": 3, "uncertainty": 2.3111753232812546}, "smell": {"value": 1.3333333333333335, "count": 3, "uncertainty": 2.3111753232812546}, "_trust": {"value": 0.33333333333333337, "count": 3, "uncertainty": 2.3111753232812546}, "entity_novelty": {"value": 1.4375, "count": 16, "uncertainty": 1.0007682712806396}, "Instance": {"value": 1.25, "count": 4, "uncertainty": 2.001536542561279}, "sport": {"value": 1.6666666666666667, "count": 3, "uncertainty": 2.3111753232812546}, "food": {"value": 1.6666666666666665, "count": 3, "uncertainty": 2.3111753232812546}, "object": {"value": 1.0, "count": 3, "uncertainty": 2.3111753232812546}, "object_gap": {"value": 1.4375, "count": 16, "uncertainty": 1.0007682712806396}, "tops": {"value": 1.1666666666666665, "count": 6, "uncertainty": 1.6342477436031866}, "event": {"value": 2.0, "count": 1, "uncertainty": 4.003073085122558}, "architectural-structure": {"value": 2.0, "count": 1, "uncertainty": 4.003073085122558}, "robot": {"value": 2.0, "count": 2, "uncertainty": 2.8306001240755148}, "communication": {"value": 1.6, "count": 5, "uncertainty": 1.7902287074467687}, "animal": {"value": 1.5, "count": 4, "uncertainty": 2.001536542561279}, "possession": {"value": 1.0, "count": 1, "uncertainty": 4.003073085122558}, "overlap": {"value": 0.6923076923076923, "count": 13, "uncertainty": 1.1102527129107083}, "friend": {"value": 2.0, "count": 1, "uncertainty": 4.003073085122558}, "no_statement_novelty": {"value": 0.6, "count": 5, "uncertainty": 1.7902287074467687}, "act": {"value": 0.666666666666667, "count": 3, "uncertainty": 2.3111753232812546}, "negation_conflict": {"value": 2.0, "count": 3, "uncertainty": 2.3111753232812546}, "right": {"value": 0.2500000000000001, "count": 4, "uncertainty": 2.001536542561279}, "cat": {"value": 1.0, "count": 1, "uncertainty": 4.003073085122558}, "cuisine": {"value": 1.6666666666666667, "count": 3, "uncertainty": 2.3111753232812546}, "interest-occurrence": {"value": 0.0, "count": 2, "uncertainty": 2.8306001240755148}, "country": {"value": 1.0, "count": 1, "uncertainty": 4.003073085122558}, "city": {"value": 1.0, "count": 1, "uncertainty": 4.003073085122558}, "complement_conflict": {"value": 2.0, "count": 2, "uncertainty": 2.8306001240755148}, "university": {"value": 2.0, "count": 1, "uncertainty": 4.003073085122558}, "group": {"value": 1.0, "count": 1, "uncertainty": 4.003073085122558}, "music-genre": {"value": 1.3333333333333333, "count": 3, "uncertainty": 2.3111753232812546}, "dialogue": {"value": 1.0, "count": 1, "uncertainty": 4.003073085122558}, "-subj": {"value": 1.5843749999999999, "count": 40, "uncertainty": 0.632941429455219}, "-compl": {"value": 1.6248799999999997, "count": 42, "uncertainty": 0.6176875871774972}, "record-label": {"value": 1.0, "count": 3, "uncertainty": 2.3111753232812546}, "talk": {"value": 2.0, "count": 2, "uncertainty": 2.8306001240755148}, "read": {"value": 2.0, "count": 3, "uncertainty": 2.3111753232812546}, "cognition": {"value": 1.0, "count": 1, "uncertainty": 4.003073085122558}, "nose": {"value": 1.0, "count": 2, "uncertainty": 2.8306001240755148}}}