{"metadata": {"c": 1.6999999999999997, "t": 111, "decay": 0.05}, "data": {"subject_gap": {"value": 1.5424242424242425, "count": 30, "uncertainty": 0.6735612390320729}, "person": {"value": 1.7249999999999999, "count": 8, "uncertainty": 1.304345730711026}, "taste": {"value": 1.33333333333335, "count": 3, "uncertainty": 2.129987658946458}, "song": {"value": 1.33333333333335, "count": 3, "uncertainty": 2.129987658946458}, "book": {"value": 2.0, "count": 6, "uncertainty": 1.5061287174846998}, "location": {"value": 1.5714285714285714, "count": 7, "uncertainty": 1.3944042394919898}, "interest": {"value": 1.0, "count": 3, "uncertainty": 2.129987658946458}, "statement_novelty": {"value": 1.1666666666666667, "count": 6, "uncertainty": 1.5061287174846998}, "agent": {"value": 1.5631578947368425, "count": 19, "uncertainty": 0.8463712723271422}, "sensor": {"value": 1.0, "count": 2, "uncertainty": 2.608691461422052}, "artifact": {"value": 1.4666666666666668, "count": 15, "uncertainty": 0.9525594393279837}, "dish": {"value": 1.4, "count": 5, "uncertainty": 1.6498813461453914}, "touch": {"value": 1.0, "count": 2, "uncertainty": 2.608691461422052}, "institution": {"value": 1.75, "count": 4, "uncertainty": 1.8446234223949776}, "smell": {"value": 1.3333333333333335, "count": 3, "uncertainty": 2.129987658946458}, "trust": {"value": 0.33333333333333337, "count": 3, "uncertainty": 2.129987658946458}, "entity_novelty": {"value": 1.4375, "count": 16, "uncertainty": 0.9223117111974888}, "Instance": {"value": 1.25, "count": 4, "uncertainty": 1.8446234223949776}, "sport": {"value": 1.6666666666666667, "count": 3, "uncertainty": 2.129987658946458}, "food": {"value": 1.6666666666666665, "count": 3, "uncertainty": 2.129987658946458}, "object": {"value": 1.0, "count": 3, "uncertainty": 2.129987658946458}, "object_gap": {"value": 1.4705882352941178, "count": 17, "uncertainty": 0.8947737894144511}, "tops": {"value": 1.1666666666666665, "count": 6, "uncertainty": 1.5061287174846998}, "event": {"value": 2.0, "count": 1, "uncertainty": 3.689246844789955}, "architectural-structure": {"value": 2.0, "count": 1, "uncertainty": 3.689246844789955}, "robot": {"value": 2.0, "count": 2, "uncertainty": 2.608691461422052}, "communication": {"value": 1.6, "count": 5, "uncertainty": 1.6498813461453914}, "animal": {"value": 1.5, "count": 4, "uncertainty": 1.8446234223949776}, "possession": {"value": 1.0, "count": 1, "uncertainty": 3.689246844789955}, "overlap": {"value": 0.6923076923076923, "count": 13, "uncertainty": 1.0232129743641478}, "friend": {"value": 2.0, "count": 1, "uncertainty": 3.689246844789955}, "no_statement_novelty": {"value": 0.6, "count": 5, "uncertainty": 1.6498813461453914}, "act": {"value": 0.666666666666667, "count": 3, "uncertainty": 2.129987658946458}, "negation_conflict": {"value": 2.0, "count": 3, "uncertainty": 2.129987658946458}, "right": {"value": 0.2500000000000001, "count": 4, "uncertainty": 1.8446234223949776}, "cat": {"value": 1.0, "count": 1, "uncertainty": 3.689246844789955}, "cuisine": {"value": 1.6666666666666667, "count": 3, "uncertainty": 2.129987658946458}, "interest-occurrence": {"value": 0.0, "count": 2, "uncertainty": 2.608691461422052}, "country": {"value": 1.0, "count": 1, "uncertainty": 3.689246844789955}, "city": {"value": 1.0, "count": 1, "uncertainty": 3.689246844789955}, "complement_conflict": {"value": 2.0, "count": 2, "uncertainty": 2.608691461422052}, "university": {"value": 2.0, "count": 1, "uncertainty": 3.689246844789955}, "group": {"value": 1.0, "count": 1, "uncertainty": 3.689246844789955}, "music-genre": {"value": 1.3333333333333333, "count": 3, "uncertainty": 2.129987658946458}, "dialogue": {"value": 1.0, "count": 1, "uncertainty": 3.689246844789955}, "-subj": {"value": 1.5945121951219512, "count": 41, "uncertainty": 0.5761635582865177}, "-none": {"value": 1.1666666666666667, "count": 6, "uncertainty": 1.5061287174846998}, "-compl": {"value": 1.5964763636363632, "count": 44, "uncertainty": 0.5561748883259457}, "record-label": {"value": 1.0, "count": 3, "uncertainty": 2.129987658946458}, "talk": {"value": 2.0, "count": 2, "uncertainty": 2.608691461422052}, "read": {"value": 2.0, "count": 3, "uncertainty": 2.129987658946458}, "cognition": {"value": 1.0, "count": 1, "uncertainty": 3.689246844789955}, "nose": {"value": 1.0, "count": 2, "uncertainty": 2.608691461422052}}}