{
    "our-own-128_1": {
        "val": 0.0032703488372093025,
        "test": 0.0030940594059405938
    },
    "our-own-128_2": {
        "val": 0.005859375,
        "test": 0.005859375
    },
    "our-own-128_4": {
        "val": 0.005859375,
        "test": 0.00390625
    },
    "our-own-128_8": {
        "val": 0.001953125,
        "test": 0.005859375
    },
    "our-own-128_16": {
        "val": 0.005859375,
        "test": 0.001953125
    },
    "our-own-128_32": {
        "val": 0,
        "test": 0
    },
    "our-own-128_64": {
        "val": 0,
        "test": 0
    },
    "val_mean": 0.0033,
    "val_std": 0.0025,
    "test_mean": 0.003,
    "test_std": 0.0023
}