{
    "our-own-128_1": {
        "val": 0.100546875,
        "test": 0.12375
    },
    "our-own-128_2": {
        "val": 0.219140625,
        "test": 0.21140625000000002
    },
    "our-own-128_4": {
        "val": 0.234609375,
        "test": 0.193359375
    },
    "our-own-128_8": {
        "val": 0.213984375,
        "test": 0.18820312500000003
    },
    "our-own-128_16": {
        "val": 0.229453125,
        "test": 0.203671875
    },
    "our-own-128_32": {
        "val": 0.25265625,
        "test": 0.19593750000000001
    },
    "our-own-128_64": {
        "val": 0.2784375,
        "test": 0.28875
    },
    "val_mean": 0.2184,
    "val_std": 0.0522,
    "test_mean": 0.2007,
    "test_std": 0.0448
}