{
    "our-own-128_1": {
        "val": 0.08723958333333333,
        "test": 0.11328125
    },
    "our-own-128_2": {
        "val": 0.20703125,
        "test": 0.24739583333333331
    },
    "our-own-128_4": {
        "val": 0.23697916666666669,
        "test": 0.21744791666666666
    },
    "our-own-128_8": {
        "val": 0.27473958333333337,
        "test": 0.21744791666666666
    },
    "our-own-128_16": {
        "val": 0.29036458333333337,
        "test": 0.31640625
    },
    "our-own-128_32": {
        "val": 0.26171875,
        "test": 0.26041666666666663
    },
    "our-own-128_64": {
        "val": 0.2942708333333333,
        "test": 0.27604166666666663
    },
    "val_mean": 0.236,
    "val_std": 0.0671,
    "test_mean": 0.2355,
    "test_std": 0.0592
}