{
    "our-own-128_1": {
        "val": 0.11907582938388626,
        "test": 0.14926470588235294
    },
    "our-own-128_2": {
        "val": 0.2687293046357616,
        "test": 0.30293367346938777
    },
    "our-own-128_4": {
        "val": 0.2971951844262295,
        "test": 0.25904207021791764
    },
    "our-own-128_8": {
        "val": 0.35263688455008496,
        "test": 0.2752747252747253
    },
    "our-own-128_16": {
        "val": 0.3811874036979969,
        "test": 0.39660138248847926
    },
    "our-own-128_32": {
        "val": 0.3489583333333333,
        "test": 0.3367932862190812
    },
    "our-own-128_64": {
        "val": 0.38639817629179335,
        "test": 0.3651158146964856
    },
    "val_mean": 0.3077,
    "val_std": 0.0866,
    "test_mean": 0.2979,
    "test_std": 0.0755
}