{
    "our-own-128_1": {
        "val": 0.21875,
        "test": 0.2734375
    },
    "our-own-128_2": {
        "val": 0.3984375,
        "test": 0.40625
    },
    "our-own-128_4": {
        "val": 0.40625,
        "test": 0.328125
    },
    "our-own-128_8": {
        "val": 0.4921875,
        "test": 0.375
    },
    "our-own-128_16": {
        "val": 0.5546875,
        "test": 0.53125
    },
    "our-own-128_32": {
        "val": 0.5234375,
        "test": 0.484375
    },
    "our-own-128_64": {
        "val": 0.5625,
        "test": 0.5390625
    }
}