{
    "our-own-128_1": {
        "val": 0.141796875,
        "test": 0.13921875
    },
    "our-own-128_2": {
        "val": 0.350625,
        "test": 0.35578125000000005
    },
    "our-own-128_4": {
        "val": 0.6496875000000001,
        "test": 0.6548437500000001
    },
    "our-own-128_8": {
        "val": 0.7373437500000001,
        "test": 0.745078125
    },
    "our-own-128_16": {
        "val": 0.641953125,
        "test": 0.6496875
    },
    "our-own-128_32": {
        "val": 0.639375,
        "test": 0.59296875
    },
    "our-own-128_64": {
        "val": 0.639375,
        "test": 0.61359375
    },
    "val_mean": 0.5429,
    "val_std": 0.1984,
    "test_mean": 0.5359,
    "test_std": 0.1964
}