{
    "our-own-128_1": {
        "val": 0.1875,
        "test": 0.21875
    },
    "our-own-128_2": {
        "val": 0.3828125,
        "test": 0.390625
    },
    "our-own-128_4": {
        "val": 0.3984375,
        "test": 0.3203125
    },
    "our-own-128_8": {
        "val": 0.4921875,
        "test": 0.375
    },
    "our-own-128_16": {
        "val": 0.5546875,
        "test": 0.53125
    },
    "our-own-128_32": {
        "val": 0.5234375,
        "test": 0.4765625
    },
    "our-own-128_64": {
        "val": 0.5625,
        "test": 0.5390625
    },
    "val_mean": 0.4431,
    "val_std": 0.1234,
    "test_mean": 0.4074,
    "test_std": 0.1082
}