{
    "our-own-128_1": {
        "val": 0.0018262987012987013,
        "test": 0.001717032967032967
    },
    "our-own-128_2": {
        "val": 0.0033482142857142855,
        "test": 0.0033482142857142855
    },
    "our-own-128_4": {
        "val": 0.001717032967032967,
        "test": 0.002232142857142857
    },
    "our-own-128_8": {
        "val": 0.0,
        "test": 0.0033482142857142855
    },
    "our-own-128_16": {
        "val": 0.0033482142857142855,
        "test": 0.0011160714285714285
    },
    "our-own-128_32": {
        "val": 0.0,
        "test": 0.0
    },
    "our-own-128_64": {
        "val": 0.0,
        "test": 0.0
    },
    "val_mean": 0.0015,
    "val_std": 0.0014,
    "test_mean": 0.0017,
    "test_std": 0.0013
}