{
    "our-own-128_1": {
        "val": 0.1875,
        "test": 0.203125
    },
    "our-own-128_2": {
        "val": 0.3671875,
        "test": 0.3203125
    },
    "our-own-128_4": {
        "val": 0.3515625,
        "test": 0.28125
    },
    "our-own-128_8": {
        "val": 0.375,
        "test": 0.28125
    },
    "our-own-128_16": {
        "val": 0.4453125,
        "test": 0.2578125
    },
    "our-own-128_32": {
        "val": 0.4140625,
        "test": 0.28125
    },
    "our-own-128_64": {
        "val": 0.4453125,
        "test": 0.390625
    }
}