{
    "our-own-128_1": {
        "val": 0.100546875,
        "test": 0.12375
    },
    "our-own-128_2": {
        "val": 0.23203125000000002,
        "test": 0.21140625000000002
    },
    "our-own-128_4": {
        "val": 0.2165625,
        "test": 0.16757812500000002
    },
    "our-own-128_8": {
        "val": 0.234609375,
        "test": 0.167578125
    },
    "our-own-128_16": {
        "val": 0.27328125000000003,
        "test": 0.15726562500000002
    },
    "our-own-128_32": {
        "val": 0.268125,
        "test": 0.17531249999999998
    },
    "our-own-128_64": {
        "val": 0.28359375,
        "test": 0.229453125
    },
    "val_mean": 0.2298,
    "val_std": 0.0575,
    "test_mean": 0.176,
    "test_std": 0.0324
}