{
    "our-own-128_1": {
        "val": 0.015625,
        "test": 0.015625
    },
    "our-own-128_2": {
        "val": 0.0234375,
        "test": 0.0234375
    },
    "our-own-128_4": {
        "val": 0.015625,
        "test": 0.015625
    },
    "our-own-128_8": {
        "val": 0.0,
        "test": 0.0234375
    },
    "our-own-128_16": {
        "val": 0.0234375,
        "test": 0.0078125
    },
    "our-own-128_32": {
        "val": 0.0,
        "test": 0.0
    },
    "our-own-128_64": {
        "val": 0.0,
        "test": 0.0
    },
    "val_mean": 0.0112,
    "val_std": 0.0101,
    "test_mean": 0.0123,
    "test_std": 0.0092
}