{
    "128_1": {
        "val": 0.171875,
        "test": 0.25
    },
    "128_2": {
        "val": 0.375,
        "test": 0.3515625
    }
}