{
    "128_1": {
        "val": 0.001736111111111111,
        "test": 0.00732421875
    },
    "128_2": {
        "val": 0.0,
        "test": 0.0
    },
    "128_4": {
        "val": 0.0,
        "test": 0.0
    },
    "128_8": {
        "val": 0.0,
        "test": 0.0
    },
    "128_16": {
        "val": 0.0,
        "test": 0.0
    },
    "128_32": {
        "val": 0.0,
        "test": 0.0006510416666666666
    },
    "128_64": {
        "val": 0.0,
        "test": 0.0
    },
    "val_mean": 0.0002,
    "val_std": 0.0006,
    "test_mean": 0.0011,
    "test_std": 0.0025
}