{
    "128_1": {
        "val": 0.0031249999999999997,
        "test": 0.012335526315789474
    },
    "128_2": {
        "val": 0,
        "test": 0
    },
    "128_4": {
        "val": 0,
        "test": 0
    },
    "128_8": {
        "val": 0,
        "test": 0
    },
    "128_16": {
        "val": 0,
        "test": 0
    },
    "128_32": {
        "val": 0,
        "test": 0.001201923076923077
    },
    "128_64": {
        "val": 0,
        "test": 0
    },
    "val_mean": 0.0004,
    "val_std": 0.0011,
    "test_mean": 0.0019,
    "test_std": 0.0043
}