{
    "128_1": {
        "val": 0.0515625,
        "test": 0.038671874999999994
    },
    "128_2": {
        "val": 0.041249999999999995,
        "test": 0.02578125
    },
    "128_4": {
        "val": 0.041249999999999995,
        "test": 0.0103125
    },
    "128_8": {
        "val": 0.061875,
        "test": 0.04125
    },
    "128_16": {
        "val": 0.09796875,
        "test": 0.048984375
    },
    "128_32": {
        "val": 0.069609375,
        "test": 0.054140625
    },
    "128_64": {
        "val": 0.020625,
        "test": 0.018046875
    },
    "val_mean": 0.0549,
    "val_std": 0.0229,
    "test_mean": 0.0339,
    "test_std": 0.0151
}