{
    "128_1": {
        "val": 0.015625,
        "test": 0.0390625
    },
    "128_2": {
        "val": 0.0,
        "test": 0.0
    },
    "128_4": {
        "val": 0.0,
        "test": 0.0
    },
    "128_8": {
        "val": 0.0,
        "test": 0.0
    },
    "128_16": {
        "val": 0.0,
        "test": 0.0
    },
    "128_32": {
        "val": 0.0,
        "test": 0.0078125
    },
    "128_64": {
        "val": 0.0,
        "test": 0.0
    },
    "val_mean": 0.0022,
    "val_std": 0.0055,
    "test_mean": 0.0067,
    "test_std": 0.0135
}