{
    "128_1": {
        "val": 0.0026041666666666665,
        "test": 0.0
    },
    "128_2": {
        "val": 0.0,
        "test": 0.0
    },
    "128_4": {
        "val": 0.0014204545454545455,
        "test": 0.0007102272727272727
    },
    "128_8": {
        "val": 0.0014204545454545455,
        "test": 0.0014204545454545455
    },
    "128_16": {
        "val": 0.0007102272727272727,
        "test": 0.0014204545454545455
    },
    "128_32": {
        "val": 0.0007102272727272727,
        "test": 0.0
    },
    "128_64": {
        "val": 0.0,
        "test": 0.0
    },
    "val_mean": 0.001,
    "val_std": 0.0009,
    "test_mean": 0.0005,
    "test_std": 0.0006
}