{
    "128_1": {
        "val": 0.045454545454545456,
        "test": NaN
    },
    "128_2": {
        "val": NaN,
        "test": NaN
    },
    "128_4": {
        "val": 0.02666666666666667,
        "test": 0.014388489208633094
    },
    "128_8": {
        "val": 0.02666666666666667,
        "test": 0.02666666666666667
    },
    "128_16": {
        "val": 0.014388489208633094,
        "test": 0.02666666666666667
    },
    "128_32": {
        "val": 0.014388489208633094,
        "test": NaN
    },
    "128_64": {
        "val": NaN,
        "test": NaN
    },
    "val_mean": NaN,
    "val_std": NaN,
    "test_mean": NaN,
    "test_std": NaN
}