{
    "128_1": {
        "val": 0.004807692307692308,
        "test": 0
    },
    "128_2": {
        "val": 0,
        "test": 0
    },
    "128_4": {
        "val": 0.002604166666666667,
        "test": 0.0013020833333333335
    },
    "128_8": {
        "val": 0.002604166666666667,
        "test": 0.002604166666666667
    },
    "128_16": {
        "val": 0.0013020833333333335,
        "test": 0.002604166666666667
    },
    "128_32": {
        "val": 0.0013020833333333335,
        "test": 0
    },
    "128_64": {
        "val": 0,
        "test": 0
    },
    "val_mean": 0.0018,
    "val_std": 0.0016,
    "test_mean": 0.0009,
    "test_std": 0.0011
}