{
    "128_1": {
        "val": 0.40734375,
        "test": 0.30421875
    },
    "128_2": {
        "val": 0.27328125000000003,
        "test": 0.23203125000000002
    },
    "128_4": {
        "val": 0.350625,
        "test": 0.31195312500000005
    },
    "128_8": {
        "val": 0.391875,
        "test": 0.34546875
    },
    "128_16": {
        "val": 0.384140625,
        "test": 0.353203125
    },
    "128_32": {
        "val": 0.425390625,
        "test": 0.350625
    },
    "128_64": {
        "val": 0.40218750000000003,
        "test": 0.43828125
    },
    "val_mean": 0.3764,
    "val_std": 0.0472,
    "test_mean": 0.3337,
    "test_std": 0.0578
}