{
    "128_1": {
        "val": 0.0047676282051282055,
        "test": 0.007712339743589744
    },
    "128_2": {
        "val": 0.020783253205128204,
        "test": 0.021744791666666666
    },
    "128_4": {
        "val": 0.04622395833333333,
        "test": 0.027604166666666666
    },
    "128_8": {
        "val": 0.061197916666666664,
        "test": 0.04036458333333333
    },
    "128_16": {
        "val": 0.03125,
        "test": 0.03059895833333333
    },
    "128_32": {
        "val": 0.011328125,
        "test": 0.0
    },
    "128_64": {
        "val": 0.0078125,
        "test": 0.005859375
    },
    "val_mean": 0.0262,
    "val_std": 0.0196,
    "test_mean": 0.0191,
    "test_std": 0.0138
}