{
    "128_1": {
        "val": 0.007923473011363638,
        "test": 0.01237146529562982
    },
    "128_2": {
        "val": 0.03347166823087752,
        "test": 0.03470752720677146
    },
    "128_4": {
        "val": 0.07353206051873198,
        "test": 0.04408269961977187
    },
    "128_8": {
        "val": 0.09770654506437768,
        "test": 0.06415562913907284
    },
    "128_16": {
        "val": 0.05,
        "test": 0.048526982378854625
    },
    "128_32": {
        "val": 0.01824664429530201,
        "test": 0
    },
    "128_64": {
        "val": 0.0125,
        "test": 0.009375
    },
    "val_mean": 0.0419,
    "val_std": 0.0312,
    "test_mean": 0.0305,
    "test_std": 0.0219
}