{
    "128_1": {
        "val": 0.234609375,
        "test": 0.224296875
    },
    "128_2": {
        "val": 0.2475,
        "test": 0.224296875
    },
    "128_4": {
        "val": 0.275859375,
        "test": 0.25265625
    },
    "128_8": {
        "val": 0.309375,
        "test": 0.25007812500000004
    },
    "128_16": {
        "val": 0.2990625,
        "test": 0.3403125
    },
    "128_32": {
        "val": 0.27070312500000004,
        "test": 0.17789062500000002
    },
    "128_64": {
        "val": 0.19593750000000001,
        "test": 0.224296875
    },
    "val_mean": 0.2619,
    "val_std": 0.0363,
    "test_mean": 0.242,
    "test_std": 0.0461
}