{
    "128_1": {
        "val": 0.0234375,
        "test": 0.03125
    },
    "128_2": {
        "val": 0.0859375,
        "test": 0.0859375
    },
    "128_4": {
        "val": 0.1796875,
        "test": 0.109375
    },
    "128_8": {
        "val": 0.2421875,
        "test": 0.15625
    },
    "128_16": {
        "val": 0.125,
        "test": 0.1171875
    },
    "128_32": {
        "val": 0.046875,
        "test": 0.0
    },
    "128_64": {
        "val": 0.03125,
        "test": 0.0234375
    },
    "val_mean": 0.1049,
    "val_std": 0.0762,
    "test_mean": 0.0748,
    "test_std": 0.0533
}