{
    "128_1": {
        "val": 0.002130681818181818,
        "test": 0.005681818181818182
    },
    "128_2": {
        "val": 0.002130681818181818,
        "test": 0.0007102272727272727
    },
    "128_4": {
        "val": 0.002840909090909091,
        "test": 0.0007102272727272727
    },
    "128_8": {
        "val": 0.002130681818181818,
        "test": 0.0007102272727272727
    },
    "128_16": {
        "val": 0.002130681818181818,
        "test": 0.0007102272727272727
    },
    "128_32": {
        "val": 0.002840909090909091,
        "test": 0.0007102272727272727
    },
    "128_64": {
        "val": 0.002130681818181818,
        "test": 0.0007102272727272727
    },
    "val_mean": 0.0023,
    "val_std": 0.0003,
    "test_mean": 0.0014,
    "test_std": 0.0017
}