{
    "128_1": {
        "val": 0.00390625,
        "test": 0.010416666666666668
    },
    "128_2": {
        "val": 0.00390625,
        "test": 0.0013020833333333335
    },
    "128_4": {
        "val": 0.005208333333333334,
        "test": 0.0013020833333333335
    },
    "128_8": {
        "val": 0.00390625,
        "test": 0.0013020833333333335
    },
    "128_16": {
        "val": 0.00390625,
        "test": 0.0013020833333333335
    },
    "128_32": {
        "val": 0.005208333333333334,
        "test": 0.0013020833333333335
    },
    "128_64": {
        "val": 0.00390625,
        "test": 0.0013020833333333335
    },
    "val_mean": 0.0043,
    "val_std": 0.0006,
    "test_mean": 0.0026,
    "test_std": 0.0032
}