{
    "128_1": {
        "val": 0.1546875,
        "test": 0.177890625
    },
    "128_2": {
        "val": 0.26296875,
        "test": 0.208828125
    },
    "128_4": {
        "val": 0.3403125,
        "test": 0.265546875
    },
    "128_8": {
        "val": 0.39703125,
        "test": 0.3403125
    },
    "128_16": {
        "val": 0.38929687500000004,
        "test": 0.35578125000000005
    },
    "128_32": {
        "val": 0.46664062500000003,
        "test": 0.43054687500000005
    },
    "128_64": {
        "val": 0.495,
        "test": 0.435703125
    },
    "val_mean": 0.358,
    "val_std": 0.1094,
    "test_mean": 0.3164,
    "test_std": 0.0947
}