{
    "128_1": {
        "val": 0.0234375,
        "test": 0.0625
    },
    "128_2": {
        "val": 0.0234375,
        "test": 0.0078125
    },
    "128_4": {
        "val": 0.03125,
        "test": 0.0078125
    },
    "128_8": {
        "val": 0.0234375,
        "test": 0.0078125
    },
    "128_16": {
        "val": 0.0234375,
        "test": 0.0078125
    },
    "128_32": {
        "val": 0.03125,
        "test": 0.0078125
    },
    "128_64": {
        "val": 0.0234375,
        "test": 0.0078125
    },
    "val_mean": 0.0257,
    "val_std": 0.0035,
    "test_mean": 0.0156,
    "test_std": 0.0191
}